First Name,Last Name,Email Address,Company,Position,Connected On
Kylian,Mbappé,,PSG,Attaquant,12 Jan 2019
Kylian,Mbappé,,PSG,Attaquant,12 Jan 2019
Kylian,Mbappé,,PSG,Attaquant,12 Jan 2019
Kylian,Mbappé,,PSG,Attaquant,12 Jan 2019
Kylian,Mbappé,,PSG,Attaquant,12 Jan 2019
Kylian,Mbappé,,PSG,Attaquant,12 Jan 2019
Kylian,Mbappé,,PSG,Attaquant,12 Jan 2019
Kylian,Mbappé,,PSG,Attaquant,12 Jan 2019
Kylian,Mbappé,,PSG,Attaquant,12 Jan 2019
Kylian,Mbappé,,PSG,Attaquant,12 Jan 2019
Kylian,Mbappé,,PSG,Attaquant,28 Dec 2018
Kylian,Mbappé,,PSG,Attaquant,16 Nov 2018
Kylian,Mbappé,,PSG,Attaquant,11 Nov 2018
Kylian,Mbappé,,PSG,Attaquant,09 Nov 2018
Kylian,Mbappé,,PSG,Attaquant,08 Nov 2018
Kylian,Mbappé,,PSG,Attaquant,07 Nov 2018
Kylian,Mbappé,,PSG,Attaquant,03 Nov 2018
Kylian,Mbappé,,PSG,Attaquant,30 Oct 2018
Kylian,Mbappé,,PSG,Attaquant,22 Oct 2018
Kylian,Mbappé,,PSG,Attaquant,21 Oct 2018
Kylian,Mbappé,,PSG,Attaquant,14 Oct 2018
Kylian,Mbappé,,PSG,Attaquant,13 Oct 2018
Kylian,Mbappé,,PSG,Attaquant,12 Oct 2018
Kylian,Mbappé,,PSG,Attaquant,09 Oct 2018
Kylian,Mbappé,,PSG,Attaquant,09 Oct 2018
Kylian,Mbappé,,PSG,Attaquant,26 Sep 2018
Kylian,Mbappé,,PSG,Attaquant,12 Sep 2018
Kylian,Mbappé,,PSG,Attaquant,07 Sep 2018
Kylian,Mbappé,,PSG,Attaquant,26 Sep 2018
Kylian,Mbappé,,PSG,Attaquant,12 Sep 2018
Kylian,Mbappé,,PSG,Attaquant,29 Aug 2018
Kylian,Mbappé,,PSG,Attaquant,09 Aug 2018
Kylian,Mbappé,,PSG,Attaquant,03 Aug 2018
Kylian,Mbappé,,PSG,Attaquant,29 Aug 2018
Kylian,Mbappé,,PSG,Attaquant,09 Aug 2018
Kylian,Mbappé,,PSG,Attaquant,03 Aug 2018
Kylian,Mbappé,,PSG,Attaquant,29 Aug 2018
Kylian,Mbappé,,PSG,Attaquant,09 Aug 2018
Kylian,Mbappé,,PSG,Attaquant,03 Aug 2018
Kylian,Mbappé,,PSG,Attaquant,29 Aug 2018
Kylian,Mbappé,,PSG,Attaquant,09 Aug 2018
Kylian,Mbappé,,PSG,Attaquant,03 Aug 2018
Kylian,Mbappé,,PSG,Attaquant,29 Aug 2018
Kylian,Mbappé,,PSG,Attaquant,09 Aug 2018
Kylian,Mbappé,,PSG,Attaquant,03 Aug 2018
Kylian,Mbappé,,PSG,Attaquant,29 Aug 2018
Kylian,Mbappé,,PSG,Attaquant,09 Aug 2018
Kylian,Mbappé,,PSG,Attaquant,03 Aug 2018
Kylian,Mbappé,,PSG,Attaquant,24 Jul 2018
Kylian,Mbappé,,PSG,Attaquant,24 Jul 2018
Kylian,Mbappé,,PSG,Attaquant,22 Jul 2018
Kylian,Mbappé,,PSG,Attaquant,22 Jul 2018
Kylian,Mbappé,,PSG,Attaquant,04 Jul 2018
Kylian,Mbappé,,PSG,Attaquant,24 Jul 2018
Kylian,Mbappé,,PSG,Attaquant,24 Jul 2018
Kylian,Mbappé,,PSG,Attaquant,22 Jul 2018
Kylian,Mbappé,,PSG,Attaquant,22 Jul 2018
Kylian,Mbappé,,PSG,Attaquant,04 Jul 2018
Kylian,Mbappé,,PSG,Attaquant,24 Jul 2018
Kylian,Mbappé,,PSG,Attaquant,24 Jul 2018
Kylian,Mbappé,,PSG,Attaquant,22 Jul 2018
Kylian,Mbappé,,PSG,Attaquant,22 Jul 2018
Kylian,Mbappé,,PSG,Attaquant,04 Jul 2018
Kylian,Mbappé,,PSG,Attaquant,24 Jul 2018
Kylian,Mbappé,,PSG,Attaquant,24 Jul 2018
Kylian,Mbappé,,PSG,Attaquant,22 Jul 2018
Kylian,Mbappé,,PSG,Attaquant,22 Jul 2018
Kylian,Mbappé,,PSG,Attaquant,04 Jul 2018
Kylian,Mbappé,,PSG,Attaquant,24 Jul 2018
Kylian,Mbappé,,PSG,Attaquant,22 Jul 2018
Kylian,Mbappé,,PSG,Attaquant,22 Jul 2018
Kylian,Mbappé,,PSG,Attaquant,04 Jul 2018
Kylian,Mbappé,,PSG,Attaquant,24 Jul 2018
Kylian,Mbappé,,PSG,Attaquant,24 Jul 2018
Kylian,Mbappé,,PSG,Attaquant,22 Jul 2018
Kylian,Mbappé,,PSG,Attaquant,22 Jul 2018
Kylian,Mbappé,,PSG,Attaquant,04 Jul 2018
Kylian,Mbappé,,PSG,Attaquant,24 Jul 2018
Kylian,Mbappé,,PSG,Attaquant,24 Jul 2018
Kylian,Mbappé,,PSG,Attaquant,22 Jul 2018
Kylian,Mbappé,,PSG,Attaquant,22 Jul 2018
Kylian,Mbappé,,PSG,Attaquant,04 Jul 2018
Kylian,Mbappé,,PSG,Attaquant,19 Jun 2018
Kylian,Mbappé,,PSG,Attaquant,18 Jun 2018
Kylian,Mbappé,,PSG,Attaquant,16 Jun 2018
Kylian,Mbappé,,PSG,Attaquant,03 May 2018
Kylian,Mbappé,,PSG,Attaquant,23 Apr 2018
Kylian,Mbappé,,PSG,Attaquant,14 Apr 2018
Kylian,Mbappé,,PSG,Attaquant,11 Apr 2018
Kylian,Mbappé,,PSG,Attaquant,02 Apr 2018
Kylian,Mbappé,,PSG,Attaquant,29 Mar 2018
Kylian,Mbappé,,PSG,Attaquant,29 Mar 2018
Kylian,Mbappé,,PSG,Attaquant,20 Mar 2018
Kylian,Mbappé,,PSG,Attaquant,17 Mar 2018
Kylian,Mbappé,,PSG,Attaquant,14 Mar 2018
Kylian,Mbappé,,PSG,Attaquant,28 Feb 2018
Kylian,Mbappé,,PSG,Attaquant,27 Feb 2018
Kylian,Mbappé,,PSG,Attaquant,26 Feb 2018
Kylian,Mbappé,,PSG,Attaquant,29 Jan 2018
Kylian,Mbappé,,PSG,Attaquant,20 Jan 2018
Kylian,Mbappé,,PSG,Attaquant,20 Jan 2018
Kylian,Mbappé,,PSG,Attaquant,17 Jan 2018
Kylian,Mbappé,,PSG,Attaquant,09 Jan 2018
Kylian,Mbappé,,PSG,Attaquant,31 Dec 2017
Kylian,Mbappé,,PSG,Attaquant,17 Dec 2017
Kylian,Mbappé,,PSG,Attaquant,16 Dec 2017
Kylian,Mbappé,,PSG,Attaquant,14 Dec 2017
Kylian,Mbappé,,PSG,Attaquant,13 Dec 2017
Kylian,Mbappé,,PSG,Attaquant,06 Dec 2017
Kylian,Mbappé,,PSG,Attaquant,30 Nov 2017
Kylian,Mbappé,,PSG,Attaquant,29 Nov 2017
Kylian,Mbappé,,PSG,Attaquant,28 Nov 2017
Kylian,Mbappé,,PSG,Attaquant,27 Nov 2017
Kylian,Mbappé,,PSG,Attaquant,22 Nov 2017
Kylian,Mbappé,,PSG,Attaquant,12 Nov 2017
Kylian,Mbappé,,PSG,Attaquant,12 Nov 2017
Kylian,Mbappé,,PSG,Attaquant,06 Nov 2017
Kylian,Mbappé,,PSG,Attaquant,04 Nov 2017
Kylian,Mbappé,,PSG,Attaquant,01 Nov 2017
Kylian,Mbappé,,PSG,Attaquant,24 Oct 2017
Kylian,Mbappé,,PSG,Attaquant,19 Oct 2017
Kylian,Mbappé,,PSG,Attaquant,15 Oct 2017
Kylian,Mbappé,,PSG,Attaquant,04 Oct 2017
Kylian,Mbappé,,PSG,Attaquant,24 Oct 2017
Kylian,Mbappé,,PSG,Attaquant,19 Oct 2017
Kylian,Mbappé,,PSG,Attaquant,15 Oct 2017
Kylian,Mbappé,,PSG,Attaquant,04 Oct 2017
Kylian,Mbappé,,PSG,Attaquant,24 Oct 2017
Kylian,Mbappé,,PSG,Attaquant,19 Oct 2017
Kylian,Mbappé,,PSG,Attaquant,15 Oct 2017
Kylian,Mbappé,,PSG,Attaquant,04 Oct 2017
Kylian,Mbappé,,PSG,Attaquant,02 Oct 2017
Kylian,Mbappé,,PSG,Attaquant,25 Sep 2017
Kylian,Mbappé,,PSG,Attaquant,21 Sep 2017
Kylian,Mbappé,,PSG,Attaquant,18 Sep 2017
Kylian,Mbappé,,PSG,Attaquant,14 Sep 2017
Kylian,Mbappé,,PSG,Attaquant,05 Sep 2017
Kylian,Mbappé,,PSG,Attaquant,25 Sep 2017
Kylian,Mbappé,,PSG,Attaquant,21 Sep 2017
Kylian,Mbappé,,PSG,Attaquant,18 Sep 2017
Kylian,Mbappé,,PSG,Attaquant,14 Sep 2017
Kylian,Mbappé,,PSG,Attaquant,05 Sep 2017
Kylian,Mbappé,,PSG,Attaquant,25 Sep 2017
Kylian,Mbappé,,PSG,Attaquant,21 Sep 2017
Kylian,Mbappé,,PSG,Attaquant,18 Sep 2017
Kylian,Mbappé,,PSG,Attaquant,14 Sep 2017
Kylian,Mbappé,,PSG,Attaquant,05 Sep 2017
Kylian,Mbappé,,PSG,Attaquant,22 Aug 2017
Kylian,Mbappé,,PSG,Attaquant,04 Aug 2017
Kylian,Mbappé,,PSG,Attaquant,11 Jul 2017
Kylian,Mbappé,,PSG,Attaquant,08 Jul 2017
Kylian,Mbappé,,PSG,Attaquant,05 Jul 2017
Kylian,Mbappé,,PSG,Attaquant,30 Jun 2017
Kylian,Mbappé,,PSG,Attaquant,30 Jun 2017
Kylian,Mbappé,,PSG,Attaquant,02 Jun 2017
Kylian,Mbappé,,PSG,Attaquant,29 May 2017
Kylian,Mbappé,,PSG,Attaquant,29 May 2017
Kylian,Mbappé,,PSG,Attaquant,23 May 2017
Kylian,Mbappé,,PSG,Attaquant,22 May 2017
Kylian,Mbappé,,PSG,Attaquant,21 May 2017
Kylian,Mbappé,,PSG,Attaquant,21 May 2017
Kylian,Mbappé,,PSG,Attaquant,17 May 2017
Kylian,Mbappé,,PSG,Attaquant,15 May 2017
Kylian,Mbappé,,PSG,Attaquant,07 May 2017
Kylian,Mbappé,,PSG,Attaquant,07 May 2017
Kylian,Mbappé,,PSG,Attaquant,05 May 2017
Kylian,Mbappé,,PSG,Attaquant,05 May 2017
Kylian,Mbappé,,PSG,Attaquant,05 May 2017
Kylian,Mbappé,,PSG,Attaquant,28 Apr 2017
Kylian,Mbappé,,PSG,Attaquant,28 Apr 2017
Kylian,Mbappé,,PSG,Attaquant,28 Apr 2017
Kylian,Mbappé,,PSG,Attaquant,28 Apr 2017
Kylian,Mbappé,,PSG,Attaquant,28 Apr 2017
Kylian,Mbappé,,PSG,Attaquant,28 Apr 2017
Kylian,Mbappé,,PSG,Attaquant,28 Apr 2017
Kylian,Mbappé,,PSG,Attaquant,28 Apr 2017
Kylian,Mbappé,,PSG,Attaquant,27 Apr 2017
Kylian,Mbappé,,PSG,Attaquant,24 Apr 2017
Kylian,Mbappé,,PSG,Attaquant,18 Apr 2017
Kylian,Mbappé,,PSG,Attaquant,12 Apr 2017
Kylian,Mbappé,,PSG,Attaquant,11 Apr 2017
Kylian,Mbappé,,PSG,Attaquant,29 Mar 2017
Kylian,Mbappé,,PSG,Attaquant,28 Mar 2017
Kylian,Mbappé,,PSG,Attaquant,28 Mar 2017
Kylian,Mbappé,,PSG,Attaquant,28 Mar 2017
Kylian,Mbappé,,PSG,Attaquant,28 Mar 2017
Kylian,Mbappé,,PSG,Attaquant,28 Mar 2017
Kylian,Mbappé,,PSG,Attaquant,28 Mar 2017
Kylian,Mbappé,,PSG,Attaquant,26 Mar 2017
Kylian,Mbappé,,PSG,Attaquant,26 Mar 2017
Kylian,Mbappé,,PSG,Attaquant,25 Mar 2017
Kylian,Mbappé,,PSG,Attaquant,25 Mar 2017
Kylian,Mbappé,,PSG,Attaquant,22 Mar 2017
Kylian,Mbappé,,PSG,Attaquant,19 Mar 2017
Kylian,Mbappé,,PSG,Attaquant,08 Mar 2017
Kylian,Mbappé,,PSG,Attaquant,06 Mar 2017
Kylian,Mbappé,,PSG,Attaquant,05 Mar 2017
Kylian,Mbappé,,PSG,Attaquant,05 Mar 2017
Kylian,Mbappé,,PSG,Attaquant,03 Mar 2017
Kylian,Mbappé,,PSG,Attaquant,28 Feb 2017
Kylian,Mbappé,,PSG,Attaquant,23 Feb 2017
Kylian,Mbappé,,PSG,Attaquant,23 Feb 2017
Kylian,Mbappé,,PSG,Attaquant,23 Feb 2017
Kylian,Mbappé,,PSG,Attaquant,23 Feb 2017
Kylian,Mbappé,,PSG,Attaquant,23 Feb 2017
Kylian,Mbappé,,PSG,Attaquant,23 Feb 2017
Kylian,Mbappé,,PSG,Attaquant,23 Feb 2017
Kylian,Mbappé,,PSG,Attaquant,23 Feb 2017
Kylian,Mbappé,,PSG,Attaquant,23 Feb 2017
Kylian,Mbappé,,PSG,Attaquant,23 Feb 2017
Kylian,Mbappé,,PSG,Attaquant,23 Feb 2017
Kylian,Mbappé,,PSG,Attaquant,23 Feb 2017
Kylian,Mbappé,,PSG,Attaquant,23 Feb 2017
Kylian,Mbappé,,PSG,Attaquant,23 Feb 2017
Kylian,Mbappé,,PSG,Attaquant,23 Feb 2017
Kylian,Mbappé,,PSG,Attaquant,23 Feb 2017
Kylian,Mbappé,,PSG,Attaquant,23 Feb 2017
Kylian,Mbappé,,PSG,Attaquant,23 Feb 2017
Kylian,Mbappé,,PSG,Attaquant,23 Feb 2017
Kylian,Mbappé,,PSG,Attaquant,23 Feb 2017
Kylian,Mbappé,,PSG,Attaquant,23 Feb 2017
Kylian,Mbappé,,PSG,Attaquant,22 Feb 2017
Kylian,Mbappé,,PSG,Attaquant,27 Jan 2017
Kylian,Mbappé,,PSG,Attaquant,26 Jan 2017
Kylian,Mbappé,,PSG,Attaquant,25 Jan 2017
Kylian,Mbappé,,PSG,Attaquant,19 Jan 2017
Kylian,Mbappé,,PSG,Attaquant,15 Jan 2017
Kylian,Mbappé,,PSG,Attaquant,15 Jan 2017
Kylian,Mbappé,,PSG,Attaquant,15 Jan 2017
Kylian,Mbappé,,PSG,Attaquant,13 Jan 2017
Kylian,Mbappé,,PSG,Attaquant,12 Jan 2017
Kylian,Mbappé,,PSG,Attaquant,03 Jan 2017
Kylian,Mbappé,,PSG,Attaquant,29 Dec 2016
Kylian,Mbappé,,PSG,Attaquant,27 Dec 2016
Kylian,Mbappé,,PSG,Attaquant,26 Dec 2016
Kylian,Mbappé,,PSG,Attaquant,11 Dec 2016
Kylian,Mbappé,,PSG,Attaquant,11 Dec 2016
Kylian,Mbappé,,PSG,Attaquant,08 Dec 2016
Kylian,Mbappé,,PSG,Attaquant,08 Dec 2016
Kylian,Mbappé,,PSG,Attaquant,30 Nov 2016
Kylian,Mbappé,,PSG,Attaquant,28 Nov 2016
Kylian,Mbappé,,PSG,Attaquant,28 Nov 2016
Kylian,Mbappé,,PSG,Attaquant,28 Nov 2016
Kylian,Mbappé,,PSG,Attaquant,26 Nov 2016
Kylian,Mbappé,,PSG,Attaquant,26 Nov 2016
Kylian,Mbappé,,PSG,Attaquant,01 Nov 2016
Kylian,Mbappé,,PSG,Attaquant,31 Oct 2016
Kylian,Mbappé,,PSG,Attaquant,27 Oct 2016
Kylian,Mbappé,,PSG,Attaquant,21 Oct 2016
Kylian,Mbappé,,PSG,Attaquant,18 Oct 2016
Kylian,Mbappé,,PSG,Attaquant,11 Oct 2016
Kylian,Mbappé,,PSG,Attaquant,11 Oct 2016
Kylian,Mbappé,,PSG,Attaquant,11 Oct 2016
Kylian,Mbappé,,PSG,Attaquant,10 Oct 2016
Kylian,Mbappé,,PSG,Attaquant,02 Oct 2016
Kylian,Mbappé,,PSG,Attaquant,29 Sep 2016
Kylian,Mbappé,,PSG,Attaquant,28 Sep 2016
Kylian,Mbappé,,PSG,Attaquant,20 Sep 2016
Kylian,Mbappé,,PSG,Attaquant,20 Sep 2016
Kylian,Mbappé,,PSG,Attaquant,20 Sep 2016
Kylian,Mbappé,,PSG,Attaquant,19 Sep 2016
Kylian,Mbappé,,PSG,Attaquant,12 Sep 2016
Kylian,Mbappé,,PSG,Attaquant,12 Sep 2016
Kylian,Mbappé,,PSG,Attaquant,12 Sep 2016
Kylian,Mbappé,,PSG,Attaquant,12 Sep 2016
Kylian,Mbappé,,PSG,Attaquant,12 Sep 2016
Kylian,Mbappé,,PSG,Attaquant,12 Sep 2016
Kylian,Mbappé,,PSG,Attaquant,12 Sep 2016
Kylian,Mbappé,,PSG,Attaquant,12 Sep 2016
Kylian,Mbappé,,PSG,Attaquant,07 Sep 2016
Kylian,Mbappé,,PSG,Attaquant,04 Sep 2016
Kylian,Mbappé,,PSG,Attaquant,14 Aug 2016
Kylian,Mbappé,,PSG,Attaquant,14 Aug 2016
Kylian,Mbappé,,PSG,Attaquant,14 Aug 2016
Kylian,Mbappé,,PSG,Attaquant,14 Aug 2016
Kylian,Mbappé,,PSG,Attaquant,14 Aug 2016
Kylian,Mbappé,,PSG,Attaquant,14 Aug 2016
Kylian,Mbappé,,PSG,Attaquant,14 Aug 2016
Kylian,Mbappé,,PSG,Attaquant,14 Aug 2016
Kylian,Mbappé,,PSG,Attaquant,14 Aug 2016
Kylian,Mbappé,,PSG,Attaquant,14 Aug 2016
Kylian,Mbappé,,PSG,Attaquant,14 Aug 2016
Kylian,Mbappé,,PSG,Attaquant,14 Aug 2016
Kylian,Mbappé,,PSG,Attaquant,14 Aug 2016
Kylian,Mbappé,,PSG,Attaquant,14 Aug 2016
Kylian,Mbappé,,PSG,Attaquant,14 Aug 2016
Kylian,Mbappé,,PSG,Attaquant,14 Aug 2016
Kylian,Mbappé,,PSG,Attaquant,14 Aug 2016
Kylian,Mbappé,,PSG,Attaquant,14 Aug 2016
Kylian,Mbappé,,PSG,Attaquant,14 Aug 2016
Kylian,Mbappé,,PSG,Attaquant,14 Aug 2016
Kylian,Mbappé,,PSG,Attaquant,11 Jul 2016
Kylian,Mbappé,,PSG,Attaquant,11 Jul 2016
Kylian,Mbappé,,PSG,Attaquant,11 Jul 2016
Kylian,Mbappé,,PSG,Attaquant,11 Jul 2016
Kylian,Mbappé,,PSG,Attaquant,11 Jul 2016
Kylian,Mbappé,,PSG,Attaquant,11 Jul 2016
Kylian,Mbappé,,PSG,Attaquant,11 Jul 2016
Kylian,Mbappé,,PSG,Attaquant,11 Jul 2016
Kylian,Mbappé,,PSG,Attaquant,11 Jul 2016
Kylian,Mbappé,,PSG,Attaquant,11 Jul 2016
Kylian,Mbappé,,PSG,Attaquant,11 Jul 2016
Kylian,Mbappé,,PSG,Attaquant,11 Jul 2016
Kylian,Mbappé,,PSG,Attaquant,11 Jul 2016
Kylian,Mbappé,,PSG,Attaquant,11 Jul 2016
Kylian,Mbappé,,PSG,Attaquant,11 Jul 2016
Kylian,Mbappé,,PSG,Attaquant,05 Jun 2016
Kylian,Mbappé,,PSG,Attaquant,02 Jun 2016
Kylian,Mbappé,,PSG,Attaquant,02 Jun 2016
Kylian,Mbappé,,PSG,Attaquant,02 Jun 2016
Kylian,Mbappé,,PSG,Attaquant,30 May 2016
Kylian,Mbappé,,PSG,Attaquant,27 May 2016
Kylian,Mbappé,,PSG,Attaquant,22 May 2016
Kylian,Mbappé,,PSG,Attaquant,10 May 2016
Kylian,Mbappé,,PSG,Attaquant,28 Apr 2016
Kylian,Mbappé,,PSG,Attaquant,22 Apr 2016
Kylian,Mbappé,,PSG,Attaquant,20 Apr 2016
Kylian,Mbappé,,PSG,Attaquant,19 Apr 2016
Kylian,Mbappé,,PSG,Attaquant,12 Apr 2016
Kylian,Mbappé,,PSG,Attaquant,12 Apr 2016
Kylian,Mbappé,,PSG,Attaquant,17 Mar 2016
Kylian,Mbappé,,PSG,Attaquant,06 Mar 2016
Kylian,Mbappé,,PSG,Attaquant,16 Feb 2016
Kylian,Mbappé,,PSG,Attaquant,14 Feb 2016
Kylian,Mbappé,,PSG,Attaquant,29 Jan 2016
Kylian,Mbappé,,PSG,Attaquant,28 Jan 2016
